SHA256,Comment
2413b5d0750c23b07999ec33a5b4930be224b661aaf290a0118db803f31acbc5,LemurLoot Webshell dropped from exploiting CVE-2023-34362 (MoveIT Transfer)
48367d94ccb4411f15d7ef9c455c92125f3ad812f2363c4d2e949ce1b615429a,LemurLoot Webshell dropped from exploiting CVE-2023-34362 (MoveIT Transfer)
6015fed13c5510bbb89b0a5302c8b95a5b811982ff6de9930725c4630ec4011d,LemurLoot Webshell dropped from exploiting CVE-2023-34362 (MoveIT Transfer)
702421bcee1785d93271d311f0203da34cc936317e299575b06503945a6ea1e0,LemurLoot Webshell dropped from exploiting CVE-2023-34362 (MoveIT Transfer)
9d1723777de67bc7e11678db800d2a32de3bcd6c40a629cd165e3f7bbace8ead,LemurLoot Webshell dropped from exploiting CVE-2023-34362 (MoveIT Transfer)
9e89d9f045664996067a05610ea2b0ad4f7f502f73d84321fb07861348fdc24a,LemurLoot Webshell dropped from exploiting CVE-2023-34362 (MoveIT Transfer)
b1c299a9fe6076f370178de7b808f36135df16c4e438ef6453a39565ff2ec272,LemurLoot Webshell dropped from exploiting CVE-2023-34362 (MoveIT Transfer)
d49cf23d83b2743c573ba383bf6f3c28da41ac5f745cde41ef8cd1344528c195,LemurLoot Webshell dropped from exploiting CVE-2023-34362 (MoveIT Transfer)
e8012a15b6f6b404a33f293205b602ece486d01337b8b3ec331cd99ccadb562e,LemurLoot Webshell dropped from exploiting CVE-2023-34362 (MoveIT Transfer)
83748e8d6f6765881f81c36efacad93c20f3296be3ff4a56f48c6aa2dcd3ac08,Cracktivator - AAct_x64.exe
fd7499214abaa13bf56d006ab7de78eb8d6adf17926c24ace024d067049bc81d,Cracktivator - KMSS.exe
36a16af682c2c6d6bc575d3442472e483ada21424bf9be1c72c2e7e27651d73f,Cracktivator - AUTORUN.exe
2218293e4442deb06e398aa0357aef54df377b95e46b6ed79b48b65b666c9405,Cracktivator - FakeClient.exe
6016b0304048df087c0d09e02072027cfa8757b4100ebb9d0f07b9ac99dc85b6,Cracktivator - KMSAuto.exe / Aact.exe
afdd09777f0699360fa95f154c68367d05129366a5d376d0463373da178a4ee1,Cracktivator - mKMSAct.exe
64def4f01bee099c0a95c240d00c1987b2309fd6513830322ae16874c7728714,Cracktivator - AUTORUN.exe (DarkCrystal dropper)
41de9ed75aeac48f5c1ca94e5ed64a27227286c93a8df541f35d729f1ec87418,Cracktivator - DarKCrystal RAT
f11310f075171f8502bcd32dcb2fe5894808b17a37f6fd960fb26653871e7b7d,IOCs associated with campaigns targeting Ukraine and Poland
6b310bd23806272f6c69b84a0381915f16d705e79ce423f19de940247543c76a,IOCs associated with campaigns targeting Ukraine and Poland
a7b7691baa21ad118348661a035b69605a6efd1cd1fa0fd52e5645c64f5f61e6,IOCs associated with campaigns targeting Ukraine and Poland
1a0e930fbdab2266e14dc501abdbb5623b5762d687df3670d86bb05f252509ac,IOCs associated with campaigns targeting Ukraine and Poland
0397c586fa56e672db7f14afa8c19992b6e08ab0c1d282c960df1af26371bd72,IOCs associated with campaigns targeting Ukraine and Poland
ce96fe99ebe30ae44e74c22c0b2a055005d0da131e0082a1c290ddeb79dd1114,IOCs associated with campaigns targeting Ukraine and Poland
5039d76e697f242c36c5a0ebf7dec127757bc34ddaf33c58251c2798da3ce03e,IOCs associated with campaigns targeting Ukraine and Poland
a58da0e6a20fed03364a0cbae18008eb4f8d6bee7c9f5e8ffcdac34fb823d363,IOCs associated with campaigns targeting Ukraine and Poland
7e35ce60d80c85e050133de142a3b261160259846c9c967c7b2bb84923328f8c,IOCs associated with campaigns targeting Ukraine and Poland
27a061daee3ec9cff928b8152159a472797821834a3aa7639749489b90f703c3,IOCs associated with campaigns targeting Ukraine and Poland
c7ec4570524ad59d5bd7a3e8f0d23c8cf05cc0e8a98dcdbec00c9dc075084558,IOCs associated with campaigns targeting Ukraine and Poland
aea76f905b0169e4289895a8d85980896f802fd18fe246a27d601310bfa5905e,IOCs associated with campaigns targeting Ukraine and Poland
7a9a5317a88afb53b44f6cfed59c48907f63aaa7ef63b1587f990951c423c211,IOCs associated with campaigns targeting Ukraine and Poland
0f189246247c51a701d5a88a06e1fc4932f333d24d7ff40dc8152ad6224f6ca4,IOCs associated with campaigns targeting Ukraine and Poland
41f050f3d003edd67ec02710c60a7b4022685465cb61ae37fc0b3193c1dab5cb,IOCs associated with campaigns targeting Ukraine and Poland
1c118d8fb0be904b129e4552f86cd0b3e239ecd25f4d599c54cc96c1096747af,IOCs associated with campaigns targeting Ukraine and Poland
e41b3bdbfb816d5cfd4b235d2b985894153c41da6726ebfa83e45f3b5b4a1945,IOCs associated with campaigns targeting Ukraine and Poland
6e6f5bebd6bf0fd0b626d6521cdb4faa06275f558bacd419c76702e2728f734c,IOCs associated with campaigns targeting Ukraine and Poland
dd61887d5cdf361a335fec917cd6d1bb186aad56b1f9f5d09b66355ff7f41751,IOCs associated with campaigns targeting Ukraine and Poland
40b87c5444e03b6b4f3d38315c1525cedfafc20355fff84502cc594799dc41df,IOCs associated with campaigns targeting Ukraine and Poland
d3f012662c44293ae07d8c763914db18fc9795673da7c1cdc4d862b1a7c887b9,IOCs associated with campaigns targeting Ukraine and Poland
6837c16dce562abf4c55949cfc8d00b019f7fcc6db6a2e9a71d268312fba813e,IOCs associated with campaigns targeting Ukraine and Poland
f00939201f7e77221e94e917a8e34c3d2143324e02fdf35058526d870a0023a0,IOCs associated with campaigns targeting Ukraine and Poland
71c0881d35f769fe58c084883d2aaee9ec284fcdc04500e5e5272973dfc78944,IOCs associated with campaigns targeting Ukraine and Poland
00030b0db567afa524eb68faf6f194f25bc5361c380599668a82dbae12af088e,IOCs associated with campaigns targeting Ukraine and Poland
a7a7c4062ced46275638719c100ea2397c673148e8473e56a3ec4313ca7dc5f9,IOCs associated with campaigns targeting Ukraine and Poland
4d9cca1d75d4691e794dfe9efb9eef6e9e64b4e978ad17831b459d4bb6722829,IOCs associated with campaigns targeting Ukraine and Poland
4da99f963c26bcc4537ba0437c9cc1445be8bea64067d34308dda6c2e49c8c65,IOCs associated with campaigns targeting Ukraine and Poland
4cedec3e1a2f72a917ad9a59ebe116ed50c3268567946d1e493c8163486b888b,IOCs associated with campaigns targeting Ukraine and Poland
df33b1187c20582560ffaa1c3e86b92003c4a7c8a61acbbe886ab195531c5c89,IOCs associated with campaigns targeting Ukraine and Poland
bec98a8a5e6786ef415a7a7bf7e60cbd384d43ede4e882aa560fdcb24865ac55,IOCs associated with campaigns targeting Ukraine and Poland
00fdb03518c238dc649a39e94f0bcc95dacf3b832979d14d0ed5194b9b482b87,IOCs associated with campaigns targeting Ukraine and Poland
991a19fb00cda372dd1ce4a42580dc40872da5c5bfbb34301615f3870ea3fb58,IOCs associated with campaigns targeting Ukraine and Poland
2c5ba56a41f40bac2f21065fb9883545ef8d359883cb7bc351c481cb9542e104,IOCs associated with campaigns targeting Ukraine and Poland
44fd895174a7c1c0019fc95bb04201106dc165704c70e902e3de58db98f03c7e,IOCs associated with campaigns targeting Ukraine and Poland
30d46a740e2677c8fee383c2a4762561a10c66c5b99215262e42bfabf6bfb1aa,IOCs associated with campaigns targeting Ukraine and Poland
924d3589d642e8fd65746dc156ff9f104d43114a04ea9509f51ee6a439d1915b,IOCs associated with campaigns targeting Ukraine and Poland
ecafe10f0f7d6a9ae94d9735b45f88492b6ea11ff58f37e62fbf7070778af20a,IOCs associated with campaigns targeting Ukraine and Poland
bc92a5b1c4205ea1fbfec9144b8aab485e095142c7105c9d616b089ec668f198,IOCs associated with campaigns targeting Ukraine and Poland
ea5a8f1052e40cb6bcebf384fe67a6920b3651fbd8f3a34a844f39789ebc4d5f,IOCs associated with campaigns targeting Ukraine and Poland
ad8e3ebd496fb4d97e5075adb4f2f1b91195cca059800d0acd182a07698c13b6,IOCs associated with campaigns targeting Ukraine and Poland
3670115fa5fac918ad0dafe399568788690f0f205dd0bebe4f55180fd70d36e9,IOCs associated with campaigns targeting Ukraine and Poland
5969180b072703709764d1ca40be3eeb40f2eb0090859b3743cc21b884fa2106,IOCs associated with campaigns targeting Ukraine and Poland
a5fb6b9417e50bd2260afdcdb5a9eed33e48a283a51408344a4caa2b1025b9a7,IOCs associated with campaigns targeting Ukraine and Poland
c0c455cd3e18be14d2e34cf4e3fb98e7ab0a75ef04b6049ff9f7b306d62704b8,IOCs associated with campaigns targeting Ukraine and Poland
0f3bdbc64446555c6ff611b02f2e64250fcaf39b78237ae4cca7c74d94731b32,IOCs associated with campaigns targeting Ukraine and Poland
35d1e819d2ac2535f0aa9e2294570135f37519386872c415e326146e931b8fb9,IOCs associated with campaigns targeting Ukraine and Poland
5a4bd78a4d3d1a772e9e9b14983646a4c1c6a25cc983b804e4522774ebfa1c14,IOCs associated with campaigns targeting Ukraine and Poland
c40e6b176ad3fd7332cd217191e557352ef4b82bf91f29939121267598737990,IOCs associated with campaigns targeting Ukraine and Poland
e9bbe7c6705a6f5a78c2a9b8060a7e32374b81058f7c2f24851c4d1ea38d7411,IOCs associated with campaigns targeting Ukraine and Poland
73a21c1492996794688d9751edd1e5c287da645fa7a960e945bb4ea69855424a,IOCs associated with campaigns targeting Ukraine and Poland
7893965d1861c712b751bc2d5fb53a34ec0d276bcf389b7fc574728940575152,IOCs associated with campaigns targeting Ukraine and Poland
9c68332f701b8ba256f2c13b9de2d25803fe5876b19e757beb40d86c6631c1c6,USBOblivion.exe
01e36a9eb57d3c11cf827182a8e5eaf64f556004cd2e53d0b5da6470914775c2,USBOblivion64.exe
e0023932e836eb735d1f684d8bf33ad2e8a031797a78a1a1a353ee18c155a0ad,Trickbot
a573c781543b04747f259278de09908b1a76b2afc6c00cc6bb1eeefa4df43756,Trickbot
721cc1bbe4a6ebd1a417a064f95743568e8992028340c070dd5f159fe79f8ddf,Trickbot
2e7a4545bd1c13569510911f2fb6b18361744d72bd965b34b351912dac713c60,Trickbot
D5C2F87033A5BAEEB1B5B681F2C4A156FF1C05CCD1BFDAF6EAE019FC4D5320EE,Rhysida 
1A9C27E5BE8C58DA1C02FC4245A07831D5D431CDD1A91CD35D2DD0AD62DA71CD,Rhysida 
258DDD78655AC0587F64D7146E52549115B67465302C0CBD15A0CBA746F05595,Rhysida 
0BB0E1FCFF8CCF54C6F9ECFD4BBB6757F6A25CB0E7A173D12CF0F402A3AE706F,Rhysida 
F6F74E05E24DD2E4E60E5FB50F73FC720EE826A43F2F0056E5B88724FA06FBAB,Rhysida 
250E81EEB4DF4649CCB13E271AE3F80D44995B2F8FFCA7A2C5E1C738546C2AB1,Rhysida 
A864282FEA5A536510AE86C77CE46F7827687783628E4F2CEB5BF2C41B8CD3C6,Rhysida 
6903B00A15EFF9B494947896F222BD5B093A63AA1F340815823645FD57BD61DE,Rhysida 
3BC0340007F3A9831CB35766F2EB42DE81D13AEB99B3A8C07DEE0BB8B000CB96,Rhysida 
2A3942D213548573AF8CB07C13547C0D52D1C3D72365276D6623B3951BD6D1B2,Rhysida 
a99a9f2853ff0ca5b91767096c7f7e977b43e62dd93bde6d79e3407bc01f661d,oci.dll (zardoor)
0058d495254bf3760b30b5950d646f9a38506cef8f297c49c3b73c208ab723bf,zar32.dll (zardoor)
d267e2a6311fe4e2dfd0237652223add300b9a5233b555e131325a2612e1d7ef,zor32.dll (zardoor)
23885818c2a665d5a57ba16acfe46db68258da619a8db3df8f069c0205ac648e,malicious msi
6e068b9dcd8df03fd6456faeb4293c036b91a130a18f86a945c8964a576c1c70,malicious msi
e7b76e11101e35c46a7199851f82c69e819a3d856f6f68fa3af0636c3efde0ca,DarkGate payload
07dc0c5ad87204c98eeab48bd9a10a7c2c3a69971b44621d06c3d4b09bc4e6bf,DarkGate payload
fadabbf0ef32b7295b5c0dc1830816c35bce50ec9256d01a600d06f346a161d7,malicous au3 script
f70651906b9cbf25b3db874e969af7a14caac21bf1db328e4664db54566a15b0,SapphireStealer Blog 
8749bc50fc2b1f0a5f7a1c3c1a3132c45c30ba7dc7a849523bb42cf617fc4a65,SapphireStealer Blog 
94107e993c42fc6e0634be29191410b50c076e129260d23351baa9f6dc7c883e,SapphireStealer Blog 
53c1fca1263a535ac740916a24b28807246a204c6fa22b7374dc17fe913375d4,SapphireStealer Blog 
2c1c171db85455aa2676e02693c8a9b7d62055fee843a17097dba29915637acf,SapphireStealer Blog 
0e27b766a44e3524aee546e3279bcbca22255fa7171b8c6013efa7708e37c633,SapphireStealer Blog 
db94c26dc522719a77f7585bff8884400f389dab012a880734bd9dbc3e52d93c,SapphireStealer Blog 
e97941f812323e05ba4e83b138e8bb794b88efcd56980d07313b5acc965b2661,SapphireStealer Blog 
4ed3e2b343a8bff981a139af0f871bbe76e3e93ac0d6ad4c16acbb1ec0a74bff,SapphireStealer Blog 
40c2f1ee94d5f5283af9b6f7c660aba3921138fc1fcc66dab2489fc9e421589a,SapphireStealer Blog 
e596b3f12b96bf5526285df19dc9674aaaafeb8375eeac4face8eb4285c63e3b,SapphireStealer Blog 
920a9ec15ffeb5ad880c9368238c3b1ab189d429bd3ef99ac9ab16615eeacedf,SapphireStealer Blog 
d6900deab788bec8bd5343a64423ebea6b323603c10b3cca03c08ebe0774bb5a,SapphireStealer Blog 
5d0719c5e29e96b81ec8198e8bba5d531a2dc433c3107be6263dee33b54d578a,SapphireStealer Blog 
b4872f6bb69b449b9c13ac694a8e54a22dce012cba48a5e8bce0607690d08254,SapphireStealer Blog 
0cd26bb7a3a873d60a150ad2e776a37de07f1317639d75f3a0df4939982ac0bf,SapphireStealer Blog 
4966faf9e999db2f059162a8d1e17c44d8f77697ec268ff55f2f4efdb96797a8,SapphireStealer Blog 
d453919141d456afce8476b4af9082b4af8d4c644e8468aa62259d704c22e074,SapphireStealer Blog 
a00f787d5990ee8303bfd5cdc8eda650317434482e6f82cc53dfcf565006896d,SapphireStealer Blog 
7392019700b493b87ba4a53cc25e7cc639ce58da390b1b3780eaf8ee0889dcf3,SapphireStealer Blog 
ed8ec7a8dd089019cfd29143f008fa0951c56a35d73b2e1b274315152d0c0ee6,QuiteRAT 
db6a9934570fa98a93a979e7e0e218e0c9710e5a787b18c6948f2eedd9338984,CollectionRAT 
773760fd71d52457ba53a314f15dddb1a74e8b2f5a90e5e150dea48a21aa76df,CollectionRAT 
05e9fe8e9e693cb073ba82096c291145c953ca3a3f8b3974f9c66d15c1a3a11d,DeimosC2 
e3027062e602c5d1812c039739e2f93fc78341a67b77692567a4690935123abe,Trojanized Plink 
c5b4542d61af74cf7454d7f1c8d96218d709de38f94ccfa7c16b15f726dc08c0,Shrouded Snooper
04cf425e57e7d511f03189749c8c0a95483eeeb4c423e9ee1a6a766d2fe0094c,Shrouded Snooper
3875ed58c0d42e05c83843b32ed33d6ba5e94e18ffe8fb1bf34fd7dedf3f82a7,Shrouded Snooper
7495c1ea421063845eb8f4599a1c17c105f700ca0671ca874c5aa5aef3764c1c,Shrouded Snooper
1146b1f38e420936b7c5f6b22212f3aa93515f3738c861f499ed1047865549cb,Shrouded Snooper
9117bd328e37be121fb497596a2d0619a0eaca44752a1854523b8af46a5b0ceb,Shrouded Snooper
e1ad173e49eee1194f2a55afa681cef7c3b8f6c26572f474dec7a42e9f0cdc9d,Shrouded Snooper
75c562f9101eab86d03386fcf0ddfe3cdebec0008c2c5b5a94047c06ddeb2566,Qakbot
78784c02843a518bdc546534759dcdb3ea523c54751858a51f39e0f9d1492868,Qakbot
7ab8bcf9b4dc63ad3d9e1fe8eb2e8292a1545871fb2e3b5dd83c96a2b7e33b41,Qakbot
877f8a66be5c99d5a4636d74c566d61ebc1951049be5fa8968c132922ca4ba18,Qakbot
af5f5aa32a3e2bc802b9863c20de2eac0ca14e1002c02396e63e2aa38eb351c6,Qakbot
bfd2c062c12a261c4460cdc59cc9f7e80b72b455e852d08c106f12a3d657a575,Qakbot
d0013d23218a1aafdea792a0599b746af6966f765181c8c1dbfe7257be0cb022,Qakbot
d522a32eebc7f0108dbff116b7fa9dd457bf9f062465060115ec423c567c5115,Qakbot
e38a1648fc6494f881e3b793688ef4d69e925137c4c7494f4dd6c6604142a2bc,Qakbot
ec4ac7ade34402ad3757e97d03de7aa3dfee0ed53f28f32c99d8dbbb96958dcb,Qakbot
f2e2427107648e8d7be5f4e42341c702ceddb442191434128cbbf15c0325d8e9,Qakbot
7b4d227fddcc4e93ea0cdf017026ff2dad6efd6bc7de71b689dc0595a2a4fb4d,Qakbot
a2c654357d790d7c4cec619de951649db31ecdb63935f38b11bb37f983ff58de,Qakbot
c42ad519510936f14ab46fbad53606db8132ea52a11e3fc8d111fbccc7d9ab5a,Qakbot
34ea4cad8558fcab75631a44eae492a54e1cf9ae2f52e7d5fa712686acd06437,Qakbot
597541041b49043bd2abd482b3bf4dd233a0dbb47d5ef704ea9ee28705d2764b,Qakbot
86e96d3d22ead8f41f6a29f7bfe4b35c0d4ae5bd8da046ff0d01d9c6ea678dc2,Qakbot
ef74d2b8d1767667fb6817916f7d2d2c998358e07422a6af246151e0299f26aa,Qakbot
d5e59be8ad9418bebca786b3a0a681f7e97ea6374f379b0c4352fee1219b3c29,Arid Viper
8667482470edd4f7d484857fea5b560abe62553f299f25bb652f4c6baf697964,Arid Viper
D69cf49f703409bc01ff188902d88858a6237a2b4b0124d553a9fc490e8df68a,Arid Viper
1b6113f2faf070d078a643d77f09d4ca65410cf944a89530549fc1bebdb88c8c,Arid Viper
57fb9daf70417c3cbe390ac44979437c33802a049f7ab2d0e9b69f53763028c5,Arid Viper
f91e88dadc38e48215c81200920f0ac517da068ef00a75b1b67e3a0cd27a6552,Arid Viper
A8ca778c5852ae05344ac60b01ad7f43bb21bd8aa709ea1bb03d23bde3146885,Arid Viper
fb9306f6a0cacce21afd67d0887d7254172f61c7390fc06612c2ca9b55d28f80,Arid Viper
682b58cad9e815196b7d7ccf04ab7383a9bbf1f74e65679e6c708f2219b8692b,Arid Viper
e0e2a101ede6ccc266d2f7b7068b813d65afa4a3f65cb0c19eb73716f67983f7,Arid Viper
f15a22d2bdfa42d2297bd03c43413b36849f78b55360f2ad013493912b13378a,Arid Viper
ee7e5bd5254fff480f2b39bfc9dc17ccdad0b208ba59c010add52aee5187ed7f,Arid Viper
ee98fd4db0b153832b1d64d4fea1af86aff152758fe6b19d01438bc9940f2516,Arid Viper
9a7b9edddc3cd450aadc7340454465bd02c8619dda25c1ce8df12a87073e4a1f,Arid Viper
33ae5c96f8589cc8bcd2f5152ba360ca61f93ef406369966e69428989583a14e,Arid Viper
9a910baeada35d3f5fef157c0eb1761d35042657e40caa1846dfcf13a7e37082,Play Ransomware
731457e4704d299b353e802b72a6908dfa2124cbb5130b8cb9a943c6be6bcdc6,Play Ransomware
985bcbd8a18adf876feb3a80e437b46006536a03f35983f314a11a5ed4f8c0b2,sharpSpray[.]dll
58626a9bfb48cd30acd0d95debcaefd188ae794e1e0072c5bde8adae9bccafa6,Phobos Ransomware
f3be35f8b8301e39dd3dffc9325553516a085c12dc15494a5e2fce73c77069ed,Phobos Ransomware
518544e56e8ccee401ffa1b0a01a10ce23e49ec21ec441c6c7c3951b01c1b19c,Phobos Ransomware
32a674b59c3f9a45efde48368b4de7e0e76c19e06b2f18afb6638d1a080b2eb3,Phobos Ransomware
2704e269fb5cf9a02070a0ea07d82dc9d87f2cb95e60cb71d6c6d38b01869f66,Phobos Ransomware
fc4b14250db7f66107820ecc56026e6be3e8e0eb2d428719156cf1c53ae139c6,Phobos Ransomware
a91491f45b851a07f91ba5a200967921bf796d38677786de51a4a8fe5ddeafd2,Phobos Ransomware
8584094f79fce97321ee82ca5da41b6830ecc6a0921bcaddb8dd337827cd7d1a,SugarGh0st
3436135bb3839521e7712882f0f6548aff78db66a1064408c49f820a0b85d980,SugarGh0st
c758eed6660786097b63ac6748236b5b6084783703ea7ee2111e8f0bcaa3652e,SugarGh0st
6dff111b6adc9e33bed20eae99bec779f1c29dd55895a71125cfbe3c90950eb2,SugarGh0st
7c87451261dfce64fda987eb395694b5330fd958466c46c931440cd9dc227505,SugarGh0st
ddac61f918ed87b49ef15d05873e7f52b919758aef713145f6a7d538c714fa2e,SugarGh0st
f3ea4611c72d57eabf381d5639c3c8d1840cb005ed811f3038410fb2e04978c1,SugarGh0st
9d9a0af09fc9065bacabf1a193cad4386b5e8e5101639e07efa82992b723f3b0,SugarGh0st
5ad182c913f0b5cb6a34126137c335110d4c9472f5c745cb7a438d108b03b27c,SugarGh0st
38c815729f34aef6af531edf3f0c3f09635686dbe7e5db5cb97eca5b2b5b7712,SugarGh0st
adb4eb33213fa81c8b6cc013a6f4a43fa8b70eb8027433cf4339b532cb6e84cf,SugarGh0st
2e543adb701afd40affcb4c51bd8246398b0210bee641ca9aeffcca893c9e4a5,SugarGh0st
7cacdc84a0d690564c8471a4f58ab192ef7d9091ab0809933f616010bbf6846a,SugarGh0st
66982ebd5ebb75633723c7057a1e948ac3aafe3ff808397eb0c55c853c82f9e6,SugarGh0st
21f19d87d2169c82efd76ddb1baa024a1e59b93f82d28f276de853fc3ef8b20e,SugarGh0st
362fde3362e307af3787b9bf0b5c71f87b659a3217e054c4d0acea8b9e6d74b0,SugarGh0st
ee5982a71268c84a5c062095ce135780b8c2ffb1f266c2799173fb0f7bfdd33e,SugarGh0st
9783c0eee31ce6c5f795ecf387025af5d55208ff2713c470af2042721ab38606,SugarGh0st
410d7dc973d188cd0d962a59f48deb1cfc73adf37857765e90194f6e878d4488,SugarGh0st
bd0a1efe07fcb4af4bec1b2881a0711f0be34044680ad8cff958a68a70d4a914,SugarGh0st
ff0f28f96bbb6c80fc3823fe71d5e07e1a05b06986e82a2fbe324d68ba5ab2ea,SugarGh0st
0730ba533b949aa5815408e2cbc0784c7e348866deb4fac8d0665d88d7a95794,FakeBat
e1cc69cb0a99968de6f18c602abf751048b50edc7bdf7cdd4344db3f01bb45dc,FakeBat
20d8de82f008b58f312a92ce13f739f8bf94511f4cf8f17180dc3308b3fc82c4,FakeBat
0fd2969bbe6ecd92a21a0e994b62efdafc1ffead78cae417a203e57347ffa145,FakeBat
943a1f1c4af5636f0a8e040e55bfb6e902c0d651826749e202150237c6e12669,FakeBat
f433a5982dfa78a47c826ccd0c5b0b8d7a8f8fc34dfdb403f171543f5fc09ba8,FakeBat
830c0c34645ca67c3ab90b4078caab13f844d35d97e15cf0869ee2857a0f7420,FakeBat
32a6bfafdeafa99339a92d25eb188c6c4f51c5ce9e014e7bb299bcf9c9c9f304,FakeBat
d2241bf12ff674c8fd94cb9c3a710fd25a1a405a3346d72847805fd0cca13ab7,FakeBat
000752074544950ae9020a35ccd77de277f1cd5026b4b9559279dc3b86965eee,HazyLoad
534f5612954db99c86baa67ef51a3ad88bc21735bce7bb591afa8a4317c35433,NineRAT
ba8cd92cc059232203bcadee260ddbae273fc4c89b18424974955607476982c4,NineRAT
47e017b40d418374c0889e4d22aa48633b1d41b16b61b1f2897a39112a435d30,NineRAT
f91188d23b14526676706a5c9ead05c1a91ea0b9d6ac902623bc565e1c200a59,NineRAT
5b02fc3cfb5d74c09cab724b5b54c53a7c07e5766bffe5b1adf782c9e86a8541,NineRAT
82d4a0fef550af4f01a07041c16d851f262d859a3352475c62630e2c16a21def,NineRAT
0e416e3cc1673d8fc3e7b2469e491c005152b9328515ea9bbd7cf96f1d23a99f,BottomLoader
e615ea30dd37644526060689544c1a1d263b6bb77fe3084aa7883669c1fde12f,DLRAT
9a48357c06758217b3a99cdf4ab83263c04bdea98c347dd14b254cab6c81b13a,DLRAT
97edc538295883c8961dfe634c2ca52526197e0ecbdb1a3646ae6d7f4a52e37c,Malicious Microsoft Excel document
424c2b2020c57524e9478cc214bd98ec2abee1f3fb2fb7b2db54c5e90f877b18,Agent Tesla (vbc.exe) downloaded via the Excel document
0e2132e2726723bc1243792db355189c85357360f8dbccda0d2dfa606f4f5c9e,Phoenix infostealer executables with malware configuration pointing to mail[.]hotelharmika[.]com
1d57ded7c61b4cd4a9425250e52278b03941422dd0a4efd2c6ccf9fc16689f91,Phoenix infostealer executables with malware configuration pointing to mail[.]hotelharmika[.]com
3081b16ec91843477b9dd955a866bcb44b190deba3b1d1b116757e5e06cb1f72,Phoenix infostealer executables with malware configuration pointing to mail[.]hotelharmika[.]com
3ceec6e4a25b315cab67cd12a7196184aa790077ea450799715d21a62d7c381f,Phoenix infostealer executables with malware configuration pointing to mail[.]hotelharmika[.]com
658639ff9e922a0b5bb43f735bbdb6c7031fe95563f93d3abc4cadb0d636501b,Phoenix infostealer executables with malware configuration pointing to mail[.]hotelharmika[.]com
760797864a17fab4d59f8020596d903d5687b715ed653331d70e9858901b508b,Phoenix infostealer executables with malware configuration pointing to mail[.]hotelharmika[.]com
7e5fd0b2529158c10ebdfd6e16baf47b21ad130cd2029c209ad9e86079198353,Phoenix infostealer executables with malware configuration pointing to mail[.]hotelharmika[.]com
88795f8604ff45cf99511ea679abc53eeaea3104a52cffe90b31ac1f90c3bbdc,Phoenix infostealer executables with malware configuration pointing to mail[.]hotelharmika[.]com
8fba6e02faea982792e2d5e1be85ddbbdd046ecaf8f4f8f49473f8fe19bf1edc,Phoenix infostealer executables with malware configuration pointing to mail[.]hotelharmika[.]com
9afc79d9a050c6d606a9b6b28ba80c1e180c7a0461773703c1eccb82410d36fb,Phoenix infostealer executables with malware configuration pointing to mail[.]hotelharmika[.]com
9cd8bd072e57c626d96060ebbeecdbc4d9e265124caa7ee1c9f93eb65dc09087,Phoenix infostealer executables with malware configuration pointing to mail[.]hotelharmika[.]com
b81f06e4f0b8e734a45beba430431f9e6604dfc376c1854bf14bdd69a22e27cf,Phoenix infostealer executables with malware configuration pointing to mail[.]hotelharmika[.]com
ce236c0b8e452cdc3e1de9c973d2243be321a1b5ec6f70a79c0385b3aae6cc39,Phoenix infostealer executables with malware configuration pointing to mail[.]hotelharmika[.]com
e809487a262b53af2f306530eaa493b5a788c5a737c2c425168cf330c00f4f69,Phoenix infostealer executables with malware configuration pointing to mail[.]hotelharmika[.]com
f0d897649052d84f292f722fef67c7c15c4974c25f95b91183f5bac058a02d30,Phoenix infostealer executables with malware configuration pointing to mail[.]hotelharmika[.]com
fab82622529c81a7d221ebd384614777004341b0d8c60095c217680c3743a47b,Phoenix infostealer executables with malware configuration pointing to mail[.]hotelharmika[.]com
66387dee05618f5316bb7f20bab1f3ea950a8f2fde86c9d151547add4400cec8,Agent Tesla sample with malware configuration pointing to mail.hotelharmika[.]com
768B7F59E1C3A6B78A2604D2733DFE28E0C23420316E6301249C1FF1B86AEF4E,NoEscape Ransomware Payload 1
B1A8EB456F0915BDF8A9BDE97DAF6BC5AC4D97A3465017CB429E00C6EB24B97A,NoEscape Ransomware Payload 2
CAE1B9766E6D3E30349F99DFFB9978F9C43CE96C30D2AFD622E4D69279A31B61,ITarian Executable
76FD75FE9A46F78FAB48A6723CA824CBD4FCFE91C460D3B4EAA654DD7F5CCBE8,ITarian Executable
D0D5741FB38C3D520D022E2D268FB948BC72EE6FD489AA0FBC7A5EF034C1183C,ITarian Executable
0DA892EB5469E8F136421EC72919E2D25D091EE573A1E1C436DE9A0830C84362,ITarian Installer
7FA49A4168D4134FA114627DB333F4119E7D81186D35FC4B3B290F28C67B2F1D,Sliver
74ADC7DE12DED84F6ECE5FAD1AEF4CFCD06680BB47320D3732D07B620ED6054A,Sliver
7819512C0CB140CFF0E2C2F1EF415273F1F63F3DA03580179EEA51AFAD5B98AC,Sliver
BB9BBF90461EABEA5DBE249B2592A46E117EF75E2317F07C274542B77859FF57,Sliver
791C943C502070D7A9CED86024FA8D9608D65EBFD855D84233B4328C915BCEBE,Sliver
6AD342FBFE679C66ECF31B7DA1744CBF78C3DC9F4DBC61F255AF28004E36A327,Rclone.exe
f71f7c68209ea8218463df397e5c39ef5f916f138dc001feb3a60ef585bd2ac2,Zardoor
c6419df4bbda5b75ea4a0b8e8acd2100b149443584390c91a218e7735561ef74,Zardoor
73c7459e0c3ba00c0566f7baa710dd8b88ef3cf75ee0e76d36c5d8cd73083095,Zardoor
1480b2038395f9edd2c21dff68eb29a4d6177708b70b687f758af60c8b02f071,Zardoor
29741f7987ab61b85adb310a7ab2f44405822f1719fa431c8f49007b64f6f5cd,Zardoor
5226b67b5d49720981841fab64794533fe0530409ba2975e6125a4bc008f2480,Zardoor
7905bd9bb4d277a81935a22f975a0030faa9e5c9dbb9f6152c2f56ba1cd0cdea,Zardoor
a99a9f2853ff0ca5b91767096c7f7e977b43e62dd93bde6d79e3407bc01f661d,Zardoor
0058d495254bf3760b30b5950d646f9a38506cef8f297c49c3b73c208ab723bf,Zardoor
d267e2a6311fe4e2dfd0237652223add300b9a5233b555e131325a2612e1d7ef,Zardoor
5eeab7b795a3303c368c72ef09a345f3a4f02301ec443e98319d600e8287e852,Zardoor
4b16ea1b1273f8746cf399c71bfc1f5bff7378b5414b4ea044c55e0ee08c89d3,Zardoor
3adcc81446f0e8ed1a2bc1e815613eb5622afba57941d651faa2b5bc4b2f13c1,Zardoor
5655a2981fa4821fe09c997c84839c16d582d65243c782f45e14c96a977c594e,Zardoor
1aea1e7098221f2cc76ccd45078d9a216236b4e7e295dfa68e8a25aab3abe778,Zardoor
d7dfa7009a9d808b744df8ed4f5852bd03ffb82f7a07a258ea8b5e0290fb7d87,Zardoor
7abf74260ae5b771182e95bc360fefa1b635b56b3aa05922506d55c5d15517c3,Zardoor
d5d16d9bb75d461922eade2597c233255871dc74659f0169f3d3f40f5273ab71,Zardoor
b5b3627606a5c5e720fa32fb9cb90aa813c630673d23c97a81012b832799a897,Zardoor
0a5aa03e35d6d9218342b2bec753a9800570c000964801cf6bfe45a9bb393c0d,Zardoor
4fa9e718fca1fa299beab1b5fea500a0e63385b5fe6d4eb1b1001f2abd97a828,Mekotio MSI ZIP
ed9f268ba7acdcbaeedd40a5c538c6a2637fd41a546363ed7587a6c2e5cdf02b,Mekotio MSI
b8afd6640de8feed1774e8db3d428c0f1bca023324bb7de9a5eb99db2ea84e26,Mekotio MSI
8d912a99076f0bdc4fcd6e76c51a1d598339c1502086a4381f5ef67520a0ddf2,Astaroth MSI ZIP
094e722972e6e4d2858dd2447d30c7025e7446f4ca60a7dc5a711f906ab5b1a0,Astaroth MSI
d972675774f28e7f5ad206f420470925c4fdbca681816a19aa91a6d054b8f55a,CustomAction.idt
237d1bca6e056df5bb16a1216a434634109478f882d3b1d58344c801d184f95d,"(AutoIt3.exe, benign but abused)"
1a9113491deb9f21c590de4f7e9e370594e47431be482b32f8a5234ad7545a0b,AutoIt binary dropping payload
5c4a89c81be51e9e048cf3624d4a44fd4355cf6bf56a3c10217d3d3037410b55,Astaroth loader embedded in AutoIT script
05ef393f6e6d3f8e1ba15eec63a1c2121744400d322a03c9c8e26c1ed58cb6a7,"Astaroth encoded payload, sdk.log"
6d7148b180367e84763690fc57cbd526433026f50dc0c029b00a714ba1660cd3,dump.log
b712286d4d36c74fa32127f848b79cfb857fdc2b1c84bbbee285cf34752443a2,Benign SQlite3 library abused by malware
b45d8630d54c8d39e3554e0c5a71003d818617e07953520a8638f0935f04dc85,Binary.tnqqhgm.dll
6e1434e0f8cd402f8acb0aade942c86d6b62cd6aa3927053f25fdf57ed384b47,Binary.sknwvly.dll
7c7dc2065e295eb7ec60d1f8f552e455468e19e731ad20005833d71fa1371f50,Ousaban
4fa9e718fca1fa299beab1b5fea500a0e63385b5fe6d4eb1b1001f2abd97a828,Google Cloud Run Abuse
ed9f268ba7acdcbaeedd40a5c538c6a2637fd41a546363ed7587a6c2e5cdf02b,Google Cloud Run Abuse
b8afd6640de8feed1774e8db3d428c0f1bca023324bb7de9a5eb99db2ea84e26,Google Cloud Run Abuse
8d912a99076f0bdc4fcd6e76c51a1d598339c1502086a4381f5ef67520a0ddf2,Google Cloud Run Abuse
094e722972e6e4d2858dd2447d30c7025e7446f4ca60a7dc5a711f906ab5b1a0,Google Cloud Run Abuse
d972675774f28e7f5ad206f420470925c4fdbca681816a19aa91a6d054b8f55a,Google Cloud Run Abuse
237d1bca6e056df5bb16a1216a434634109478f882d3b1d58344c801d184f95d,Google Cloud Run Abuse
1a9113491deb9f21c590de4f7e9e370594e47431be482b32f8a5234ad7545a0b,Google Cloud Run Abuse
5c4a89c81be51e9e048cf3624d4a44fd4355cf6bf56a3c10217d3d3037410b55,Google Cloud Run Abuse
05ef393f6e6d3f8e1ba15eec63a1c2121744400d322a03c9c8e26c1ed58cb6a7,Google Cloud Run Abuse
6d7148b180367e84763690fc57cbd526433026f50dc0c029b00a714ba1660cd3,Google Cloud Run Abuse
b712286d4d36c74fa32127f848b79cfb857fdc2b1c84bbbee285cf34752443a2,Google Cloud Run Abuse
b45d8630d54c8d39e3554e0c5a71003d818617e07953520a8638f0935f04dc85,Google Cloud Run Abuse
6e1434e0f8cd402f8acb0aade942c86d6b62cd6aa3927053f25fdf57ed384b47,Google Cloud Run Abuse
7c7dc2065e295eb7ec60d1f8f552e455468e19e731ad20005833d71fa1371f50,Google Cloud Run Abuse
267071df79927abd1e57f57106924dd8a68e1c4ed74e7b69403cdcdf6e6a453b,TinyTurla-NG
d6ac21a409f35a80ba9ccfe58ae1ae32883e44ecc724e4ae8289e7465ab2cf40,TinyTurla-NG
ad4d196b3d85d982343f32d52bffc6ebfeec7bf30553fa441fd7c3ae495075fc,TinyTurla-NG
13c017cb706ef869c061078048e550dba1613c0f2e8f2e409d97a1c0d9949346,TinyTurla-NG
b376a3a6bae73840e70b2fa3df99d881def9250b42b6b8b0458d0445ddfbc044,TinyTurla-NG
10991820ac2eebf7178436df4ff6bc047ad9229ea969d13a6574d0a12e36ae35,Malicious email attachment Zip file “AUTD4.zip
dd1c87b5074af1c5918dad6512d2d8a8ebe16ea70c460e19aa274b5acbe94caf,Loader script file “AUTD4.js” 
652e5349e8d9d03bece655b1201c5c08bd11163a648ddd71595b3a05afe0308c,Suspected encrypted PIKABOT payload 
a1b468e9550f9960c5e60f7c52ca3c058de19d42eafa760b9d5282eb24b7c55f,GhostSec-GhostLocker2
8b758ccdfbfa5ff3a0b67b2063c2397531cf0f7b3d278298da76528f443779e9,GhostSec-GhostLocker2
36760e9bbfaf5a28ec7f85d13c7e8078a4ee4e5168b672639e97037d66eb1d17,GhostSec-GhostLocker2
8fa28795e4cd95e6c78c4a1308ea80674102669f9980b2006599d82eff6237b3,GhostSec-GhostLocker2
41220cdde65131fae99a8a115627ffc40b1787592e4b3dae58c8cce0b3882096,WikiLoader
7798fa2c8f919bb8f3e4fcce534ab8be22785b0ffafd007778a2e3ffabea87c6,WikiLoader
355b83cd975058f48ac985f6dad78028e145f8c9a2a28d48df045a0a80ed69fb,WikiLoader
24d31d8367a934bcc3665fdd351f2db33717362791427f16b02a7784b28fcbbc,WikiLoader
50c9317e9984ff9ce1fc75846ee74185aed9df1cbf4dbc3a37a4d49a95d905d8,WikiLoader
b8cc829f7927747c287394169381c97637edc26648e729a5bbdc0669faf213ef,WikiLoader
d41c942b28492b3d3ad58184ff56c55327df5e53b6a49c7c537df1118d22712e,WikiLoader
0289cf98e4e9f9b86173926ee7b896458ca992c2d2976537fee4e30be2210ab1,WikiLoader
150dd450f343c7b1e3b2715eae3ed470c1c1fadf91f2048516315f1500a58ffa,CoralRaider
74ea6e91c00baad0b77575740eb7f0fb5ad1d05ddea8227dc1aa477e179e62df,CoralRaider
3ae459746637e6f5536f3ba4158c822031578335505a512df3c31728cac8f627,CoralRaider
88528be553f2a6f72e2ae0243ea907d5dcdcd7c8777831b4c3ab2a67128bc9b9,CoralRaider
fd53383d85b39e68d817e39030aa2184764ab4de2d478b7e33afc39dd9661e96,CoralRaider
e68c9aedfd080fe8e54b005482fcedb16f97caa6f7dcfb932c83b29597c6d957,CoralRaider
8c732ec41550851cc933e635708820ec9202fddc69232ca4ed625d420aec3d86,CoralRaider
1942c417f2b71068fb4c1abb31bc77426bbe3513334cdaceaff3603955830e21,CoralRaider
5ad73cf7e08b8c7bab0d96ba92607b8c9b22b61354052cf59df93b782b6e039b,CoralRaider
a1f16ab97b9516e85c202ff00bd77b0b5e0e4ed29bfad28797fbbd0f25a8e0ae,CoralRaider
963ffc17565079705c924b8ab86d1c7018f5edc50ce8e810df3eebead4e14e7f,CoralRaider
3b54d05ec98321980c1d71b89c42ff77a42f121e37f6ea54a6368a58ce1b1ad3,CoralRaider
31b4fd83c16bf7266c82a623998b0d7b54bb084b24a5cb71a2b5e9b17bb633dc,CoralRaider
5dc77655bddf8881b533e4db732dcf7ac5ebf3adad4be77ff226909a49bfc89b,CoralRaider
2ad94e492bc18e11f513a29968054e1a37df504ac577fd645e781e654f2730c9,CoralRaider
02e03904d09ccece4f71e34a4a6d0f1181471c4d17208ee6cfe940e11e185018,CoralRaider
eef156d681c4921cbed720e6de257a69ad6a187e814037257977958eb0c7604e,CoralRaider
6089c53ef2b0100fd91554c2a56aafaeea86b08c5ad0459fd66bd05a6602a3ee,CoralRaider
934dc78ab89dd466b1a140954c6528b6a8591ca09a023616405cf71faf69f010,CoralRaider
305bf697e89e6eef59b0beef2b273a1daad174ebec238a67a6e80c5df5fffaf8,CoralRaider
7db78346dde71258ae1307b542d162a030c71031eebd0ed80816112d82c008f0,CoralRaider
7f19557ee3024c59668e5bd1c96a8124b0a201a9fd656bd072332b400c413405,CoralRaider
b6dbee1b6e444216668c44e41a84ca91cbd966e9035621423ecc12db52a36e01,CoralRaider
b3e694ce12e6f67db5db56177abfddebbc29f558618987e014f47a46996a8ced,CoralRaider
1397268735c5c6e88d8bc717ac27f8810225b554ed2f0d76a3e0048b0933af18,CoralRaider
958508a626b94d5e2e00ab0b94cb75dca58091cce708d312ee1a1c0688ef067c,CoralRaider
51c1eccc1b95ecbeaebc4853606c02808fce208ff1f76f0c7aa11ad7fbb4b763,CoralRaider
3c075a2bcd06e103e6ec3a1b74ceaaf600d3a9e179e2719795377f71c4f8f9c8,CoralRaider
3ac52be2039a73df64e36672f3f0c748de10f6a8bed4b23642dd8da256137681,CoralRaider
aea7c613ac659a083c35afd8e20f19a2c3583f81597dec48cbc886292cfcc975,CoralRaider
a04c6804b63220a9cb1ea6c5f2990e6a810d7b4b7225e0fc5aa7ed7e2bac3c99,CoralRaider
7682ec1cc9155e1dfa2ec2817f0510ac3f66800299088143f8a6b58eeb9a96c8,CoralRaider
a28152ed5039484e858d3c7d4bac03c6ad66fbaffb0e8ea3dfa8def95e115181,CoralRaider
b796cc4a54ee27601c1ed3a0016caa6f58206f4f280391f67820b8b019602add,CoralRaider
5cb65b469023dcc77ede21c66a753fa9cbe67597aae142958fce4936ce3974aa,CoralRaider
3ceb959554450c4ed97bc7c7fbe1d84815a8a3d5be07da9e8d9bb2e705caf9eb,Cybercriminals target graphic designers with GPU miners 
9113b447722ccfcc7b6d6811c3a4f9434c6537697d0bc1cb16966bf8bfbb47c1,Cybercriminals target graphic designers with GPU miners 
b133e715a391d653d2c736c95ac8a58cfd37362a77bec4bcce363e61398ffd2b,Cybercriminals target graphic designers with GPU miners 
b8d323a348aac4e101a3dd0639b2b03d17c2d14f2eba15a70ea0b3e5fb4811a9,Cybercriminals target graphic designers with GPU miners 
c785a3da9a7acca0bc8bcc1de92dfd6647d0bc2f897a1a747b595f89650378e8,Cybercriminals target graphic designers with GPU miners 
dfa96bee7ba6bf98a9594b568bc8c02012081c8822a5f52d62dd7fac0b0c6974,Cybercriminals target graphic designers with GPU miners 
024b6e2e1d8cabb07215686e005e302c5e16e442902225daffe8f1e3382d02d1,Cybercriminals target graphic designers with GPU miners 
29740ff47e77833032744bbbef669755d864da0e1c2a834b903adcb914d6e8a6,Cybercriminals target graphic designers with GPU miners 
92463ea41e384f462226e473c40f6011d9f9463a05b441782596a2e6d760fe42,Cybercriminals target graphic designers with GPU miners 
2db2fe6e7b7482f14d5d44446353a277f80afb4905493443a93cc48c1ef120ef,Cybercriminals target graphic designers with GPU miners 
c0fb29c35a026be5839f10f5a1d889b70107cc836fa894091bf721135f3c6e13,Cybercriminals target graphic designers with GPU miners 
b297496f7723c21162e2598f6d914f148c55409197f26a1fe6936f86d566d50d,Cybercriminals target graphic designers with GPU miners 
e1a272780aa760870a793bde01697ed5f425bbe7f862e85dc06091317f573394,Cybercriminals target graphic designers with GPU miners 
1075c837d0d6b3195c8a2aa2d70419c22ff98e96ebb17ec6e1d1251a5c415db1,Cybercriminals target graphic designers with GPU miners 
99ca71460b7cb4aabde41fed37e647042cfc53bc8dff91aa0a2a28b96c5d2089,Cybercriminals target graphic designers with GPU miners 
e6220dcfa3ebaa19c2ef65ca79ac48a9b2a212e142f37e465adac34c112a8a52,Cybercriminals target graphic designers with GPU miners 
e559e603702ed249b5c6d057d71be08a1bdba90a19aceaee15d410985c704dde,Cybercriminals target graphic designers with GPU miners 
7a826c7755c173d041f48a08deecc5966082ff274f854174c96cee8c4b7d9d08,Cybercriminals target graphic designers with GPU miners 
3a1fa39b47697402df3eaa56b0e765addeb83f244aeb80ee0bcd434ae98ba5c3,Cybercriminals target graphic designers with GPU miners 
2d4adb8e894b22d6c60c3877995ba5e9845ec6005fc95382c395396eb84b1e73,Cybercriminals target graphic designers with GPU miners 
2153be5c6f73f4816d90809febf4122a7b065cbfddaa4e2bf5935277341af34c,Trickbot
c89c825c3554d8e1b4bee8096494d8bf08deab3121d104858b5e86ec318ea286,Trickbot
0f466eebf214bea517664f3fb34099deb9f12f7910c0d962d7d6957c8ca09362,Trickbot
0298a77df476e696f99627b054112e3de2e8543acd89f46f089cbd08444adb05,Trickbot
6610366b9590ee4b3ada9c296577acd9a797fc01e1cee9c3cca014d56528580c,Trickbot
9df176b94be5a52b064fe785930687b41328412d897dfbccf81a6e6792e3adb5,Trickbot
01052dda9eb332c9ef13be2c65e03b8dfa5847814947fde744e89ebc1a181501,Mirai
010e006cffd9df0a90d7a579ad6dc3c5143e92708d4c59d0a6d7c8b02fd592da,Mirai
067389a46605a3a12e8bb6acd0ddabc10258c12ea966fab480684823dd0d202c,Mirai
0db96741bbc6588a9a4b570a0fb170eeb14a065b12e8aff10e3122d82c7f85c1,Mirai
0e6192388e9142a6f9e65d81afcb22a1e08d51ee20c738c707635a04b34ddbb0,Mirai
21e31a758423b7fe4710d22634f61047f08d3ed417db42eb930725a9d08b59d2,Mirai
2a4795e49ebc3873b15a4022898ec71ff7b7e88cf040f20a4bfee9b4488981ab,Mirai
36677bedae6421bb502fa62574c73e85647a31fe5a0ba21cfacb0d033a21dca8,Mirai
36dcaf547c212b6228ca5a45a3f3a778271fbaf8e198ede305d801bc98893d5a,Mirai
382eceb5ae573d7b5493e7b97278c276afef2af0f689d7da18c5d1e7fba05f5e,Mirai
3e374cfc45ff5fac219e2a986daba5025a7b88329a44fc1fa64784c80e078462,Mirai
49eb2b50c36f1b3770db839a2eef1d69f32cf64467845ccb8e9f030ef7e7f9b0,Mirai
4fad2f67e11394ba50b1d133f2f957f7411731b38fc3f18499a0845233d00058,Mirai
505cc553e4ee7d6b09c73dc89f9c8bed9b872b4f7ec438d9c7597e22bdb9810c,Mirai
57bfabd06fa90e2898fb1e6acf741c683618b01946cfae6df2bac88ceacf75a7,Mirai
5b6f00e0b4cb79fd1ec30d96f4569b925db702b84dada60c63bdd5202375ffac,Mirai
5d619aece8284f2650e9634b32b8f6f927f69658eeef2e3afba39f6f827384ae,Mirai
609e5635fe3adddf49092f85b4002c0ea40654ef578cbfab684c0105e9f8a29a,Mirai
66a49d2d62e2e0adad01f6442221bf76d78ceef83c5252c5f67a2ed4b93115c5,Mirai
76bdfe5e5b1a195f440fd90ca0aa6d5b901b0b25089ac4c8cc1c61f17da9af78,Mirai
77ae42ac3d9c31b12c7b4f80d5d174f942df1aad4537a7d51bd2995450744c4d,Mirai
7c4e677b383f3fa8b164fb415e6dd90a2adf4a9f354a08afee103a7975dfb151,Mirai
7fa9d1fe07612422edac88e6b848f4ec27227b2e522e0b210f39b8c675fd6564,Mirai
8018c5d770e14c5e25306c286d0e5cead6d2538ac8ea587683cc3bf9111b3a81,Mirai
824f02a4b8b52aa04caccdadce0ef598cc82b1a86a95295aad43a50b64231f34,Mirai
8361c4932b6e46a595edff6e64523aa0cab31685a0064c6d96f0327070cd55e0,Mirai
83fb3251f2cfc5a6f483fd08e6d1fda83a3a5a52208a28c21da8d3bd6307069a,Mirai
8dc2ae2cc7c6e6bcfe858377252abbb8860a08f35ac9e88c84151d84b2a2f884,Mirai
8f2beef88301cbdcf02181c7b640dc08d6bfd4248985facb998fce92fd2354b3,Mirai
90ae9f3b3b935213cb97534914d0755adf0a61b2bfcd99c5a1f6f827a0e2f6c4,Mirai
9922e477293a138763db7f84f7f60e36712ee817e82e720970c15c15fe584bdb,Mirai
9d49ef9d0d2d46dfee17d5af83ed8c8e2e425615f1ff4a255ceb7a1491cc40bc,Mirai
a5ea4162fb85a409f1f42706da0fd5ea37530cbbfa4af02d389132b256313266,Mirai
a8804d165e72bd6566a80cd64a461e3f328ad294e903b210bc523cef8c4d6dd9,Mirai
ad1f8fcb8a9e2a9432c561e42965e00cdfe24c779c9037338e1f07b94fec4b95,Mirai
b025c70f9e043c8e1538a71405587591774c010a4636124e9be6011126196217,Mirai
b4028f593ce380138c10233a9764e1c34c0f31ab29559a57625199244e8274c0,Mirai
b438d19be235aaabc24ab25a0ec3c72ce688168e5043ddb28be88ff3efa2c379,Mirai
b4fccf1dce8122d94e26bfc4fd9ae245aac6c1c2a720266f303bacfc5713d9f0,Mirai
b793731282f5d924460b8f80cd6caf907c8a4d31d2809037f3af57eeeeb64843,Mirai
bc09d354ad77a392aa25bc3c32b3dbe0d483075028a5d739714e2b4e1e6b9816,Mirai
bd563a56907bd8f12458d0b80efc84c940ef516d4b072b2873d72963c1acc76b,Mirai
c0cc0fcbbef380108d7522a778c0beb5e0ecc876bb7dd12bcbcea40ded39f321,Mirai
c63c7d2baaab90482df0b0d5827849a5125e9b8b9c74ba3bd0efb70d512c5921,Mirai
d0c0daf525b58988b6bdb3e6d347ceafd5cf3fa39664846e0226eaa3c13fd724,Mirai
d8675bfdab965a84372949d67d633518e8db3ee43ad7f2f5f93e2af2b8bee2f8,Mirai
da10c4549ab8693d89ae6972a3cdade256d13398d1c5835a2e56619b18bed66c,Mirai
dcf2995af8483ccb14720b07fc2d233128d50f1f737b6a005fe8474b0a6eda9e,Mirai
e358e8cd97b7dc425284e0532ab4cce7902de47b8a80198af4e9cf70d37880b1,Mirai
e8dd2074ad4c2a54524a9aee969b5800c81c766c3ad4aeaef1da703722dcfd6a,Mirai
e920ccfdc0c0d9958c593f670864aeb24b26068a8ae73c5d2d5c0a1ebbb9fc7e,Mirai
f590190ad0f11524e38629f1e0916665b2a91e79291698e5a449322960e3d27c,Mirai
f8ac402a3a18baff4b284a08f58f32bb43292b1d8362ccac65e59f4478e4ebbb,Mirai
267071df79927abd1e57f57106924dd8a68e1c4ed74e7b69403cdcdf6e6a453b,Turla
d6ac21a409f35a80ba9ccfe58ae1ae32883e44ecc724e4ae8289e7465ab2cf40,Turla
ad4d196b3d85d982343f32d52bffc6ebfeec7bf30553fa441fd7c3ae495075fc,Turla
13c017cb706ef869c061078048e550dba1613c0f2e8f2e409d97a1c0d9949346,Turla
b376a3a6bae73840e70b2fa3df99d881def9250b42b6b8b0458d0445ddfbc044,Turla
28b086446c9cee4390fc399811a92f7cb58e21edbc2defa549d2a100a9d52f0c,Refined Idea/NobelLaunch 
297e05730acc139deaccc917c04d41d987e435ea90aa0069cbe316fb2e8c02c8,Refined Idea/NobelLaunch 
639f1ce3e121b459446911efe1e6fda94650f6b083559095cb20f5164c0dd12f,Refined Idea/NobelLaunch 
88c0dda3176015bd35469192dba869d41677fe0d2c34e933e6610de3977963ed,Refined Idea/NobelLaunch 
f491c149848a56c66d560dc1d4eb4e13c9b203338e7fd2d3fc69125e99fb6396,Refined Idea/NobelLaunch 
b61524028fe6575114ab379eeb1422aea079d4a3649eaa070a8919fb9ec6c687,Refined Idea/NobelLaunch 
4f9d8aac16c656dbb9fb9a794b0874bc80a0d1f352b32ae45e5fcc311ebbe798,Refined Idea/NobelLaunch 
4bdb6316481d38e2910b3233b4144053b5fd3d9ca9360edaeadaa281373a1206,Refined Idea/NobelLaunch 
0340c8ef1392b87f1672873bde6105cf7547b7e0253efc53a6ae06c8f16f2c9c,Refined Idea/NobelLaunch 
7cc33e6da3c7bb604b383b566d2e972de45991388e346cb3ed847814c50b113c,Refined Idea/NobelLaunch 
b59686a8ead6491bce8633f5e774fd5c3f52bc0f733cd168f113729dfdfa702f,TA866
0d604def7d8c28469c49fa5d12a8deddb56ebbdf03fb4de5b31484b6a4ace3a0,TA866
df82cfbe2f3ed18b3973ad932cfd24f24866d812c87c30525940ec5c961ca40d,TA866
159b44a573cf090b0491db78caae27d3d16434f491ee3c7b44b6616f8abe9ea9,TA866
3db3f919cad26ca155adf8c5d9cab3e358d51604b51b31b53d568e7bcf5301e2,TA866
27217d815fc504f6cb9d531028da2f058eb5ac4782e952290c19aacfaa1459da,TA866
2850808b1108eb14ada47ca03f094dc2d6cc18b2cd69c0fc92c525f3e42fc888,TA866
37e0a33ab3cd35cfc3e9ea86a2d58e3b3878bde7d8894cb9856bc0998ba7b7b1,TA866
a9a836a6e05c15f433da48f6782e8a0db4dfeb0539b2f8f04318013b14a048b8,TA866
1f6de5072cc17065c284b21acf4d34b4506f86268395c807b8d4ab3d455b036b,TA866
3c4d700c0cab626664864ce4a2502195117e118f1e800a1571d876b6e7f84251,TA866
0ad5f6bb86b927d5b24ea73bac0d5b0e31684d8d485ecc3007d9076e97b56e5d,TA866
23162a25258b0863f86d3be0986bfcefc56b47b7130a1bdde1c3289c08eac13a,TA866
77fd26c87c253d84a63031e8e8bc281c68af99032782b1b208a0dc1c39593f34,TA866
4b890a0e159c43c984263e0701509f3b747e17ee4f50a3e49c90b3a1c089a1e4,TA866
aab95585e40d8e3e4d56e7facf83ff1e643d5d584976ee90beaf9026b92d29c0,TA866
3e7d1169d14c51e5ff28a3cc8d06d5c8f52e3d69b1df57e4361fb6526cda9551,TA866
59cc16173dcf4127d91881647288671c4b00401b96ed1834502153c65b598ea1,TA866
ef9cbc74f97ff5cd5a14835fc39578df0cb0c0eb01b8dde7f07207ea45af56a1,TA866
16a802c1e055ceac39f354c3ac1ee92d67786640f129c15cb5df6fed9fac9a22,TA866
126fb290288c4ad3f4062d48d6bdcaa6bb9688cef85fd383c1217d7f304fe826,TA866
1f3bd04bdc8ca1fe88b371972b5cfadcf503ac6ea2ec30d0a35e669d12b5389c,TA866
8470550f783f47f066408adf7aa7eb470ee972ba32714f2902cff6d912c3c4c9,TA866
c08f092dac3ce4eb7c63ec4ce566a83b7c21bb60f23839ca989250d20734f237,TA866
7e86c15071e2c8f702601d113cdc269ed5e68d31f35d665c6482d05e0d142783,TA866
fc1ff30705876c4bd501c094f5069cf3d5241b00184257e7a77b1b9ad556bbe5,TA866
3ce1c818b2efd7c9c4d29811a5993448fdef5a6b79e896ce6ce2fa6ad207dda0,TA866
ae317dae58d099d7f0abad3d82968ee949376550f6631614c19559057e5b5620,TA866
e9c78b609fc23ed8d21960138d8914fda6bc68a388529fac878d0ca5250d3464,TA866
4964b572458ef1af227d30c2bf0b0e745f6a8d98f38df32f17e14563b3c9fa32,TA866
669e721ddb304f09ad60a7e166710a08e37a42f6a8cd5bc47a21fa0342292507,TA866
dddfec08c5dd913d0ac0bb54ffe327e32e562299061a87b1042a2f20a5542ec8,TA866
d1eb6dc918e11a5767a366d9b5dc8eb65770fcafca1fb3b79721c24c2d5c8bc8,TA866
71dc9f0cc07c3797f855cbbbd931ce9e21073ef4467e4b7a068b09728e69685e,TA866
d35c0d3af8f66984b1ead5cb56744049c1d71ef0791383250ad1086c0e21f865,TA866
9c1228a391859ca63161ace42cc9b9024df443529828a89311dc9b675e3a916e,TA866
17d5031e304b029177e4dc286f25b85fc24cb54d0e8670dad9922b07aa113eef,TA866
f157090fd3ccd4220298c06ce8734361b724d80459592b10ac632acc624f455e,TA866
b32205e72dcc6857f6d07dcd0330c37b99fe701ed14f008f04fc681931f04531,TA866
8fc6522624a7727e8d4b61a3e87ff77a3e77a4331b72d4f363c755aa33e74657,TA866
9d2024f620b8fdd702e0db069c0c4764224c28d962157f7863b1d881ebe3682e,TA866
228d27fcf5b14ac2d633c8fb4f8a245824b92d5424464cb45f2f27fc1153adcd,TA866
8a4cea324af86529b7c0e982fdf4c7605ea89efc3dac127c0cc6a7fac279ef11,TA866
3242e0a736ef8ac90430a9f272ff30a81e2afc146fcb84a25c6e56e8192791e4,TA866
53e4bfd27474f6e4829ac4d625d3d914452456baf5da2c1c51e2e6df35ab634a,TA866
a5e82a65d71e6d5509edf809b310e6f0ee714dd0973c7fc625203a4689e78fbc,TA866
f971a3ed94dd16241597c16d86da9b9fc1cdf715a0be5cb4240009a80aa5a5af,TA866
be4348d58c4dc2dff2449d259d865d109785b3a3f13af3e6455bcd371ed702c2,TA866
cd713f4fed7e0a6a1f08dedfd2d58240f6af50cee65a3d47bdac5573da5d4e01,TA866
96eaffdd87581dc36b9f2f7f9ad8607a2f218c188907a419546aa423d4f9a83a,TA866
9d541797db8885d1d9c0222d14a222d44a9c39b51d3df318063c4ddc5c524c3a,TA866
93ff5d50aeb9242c733dd80f411eeafc0fe72c3eb37327ba85a5626edc4c545c,TA866
3eb609aa911ac52eef47e33fb22e9cae2261394214f3cb03a9591c0fef312cd7,TA866
824a9410f17c58308b790a208ed2b673c651ba1151a8c59760278ae1ce5aa34b,TA866
fa9f908ee056fbeb9ff9f8387b8ca59e9313392414a0734266ce2638e4a17050,TA866
8b6b7df73ee8e059b6029e16fb4aed65bf8936ad4420108f9804d70bbbd15161,TA866
217611114cf56c5ed3f7f56c3cde0bbf25d1dbf369dc9a4709635ff5e32430e9,TA866
f51897771e5d240fe3894f7902f673d47fa2d07c0889a05dae57e45141882bd4,TA866
029210065e177399d8e84248e30e6edea12a6f8a80ac9f42a97c308d48599294,TA866
88e48ca479ca12ef5dbcf985d5233e28a79892327b46f564f7ef7be30e478b54,TA866
0b38eb7387e47c723599482cb81bc727f1c1fe91cf91bbba47057069869f1314,TA866
281c280559a51aaadb13d871ef7ea12552800e3846c2d9e8a197ec52914058c5,TA866
02003563373af3215195ca0c23af03f845921fcfa31f58770927266b03c2ac40,TA866
87235836f641050dff5c278651028653479ec78c44b08a9f8ff8f96c7d613a1f,TA866
103cd78266a1b24e9066202e42d2c559b2806aaec7ef567ba3cc885fbaaa4613,TA866
cb6e93647e0d0d525739ad25440388e91b6fcf9f606a4687f08234aed0a47879,TA866
e604037f4bb43c25f0d7d03510a332be864b971c3274824c48f4145afe132b98,TA866
9dc7bbff6500c5569c85a4ff06cdacc25308441212e9aa8970b10fc381fd4a37,TA866
8416358966d1bf7c55a5ca02bb37a30b07d0d68384624659523d86077bc3b166,TA866
791cce7c397b40bd0dfc830089419c4017a77e66c5b32eecdafc838bdd245584,TA866
a5716a5ffcf33f313e08c3d10ae22730c7200dbda132ac4f584e440f1f7da495,TA866
cecdc615fef3aeb40a9056a5d64b4f7c79ebfdfe018a99b3199a4ca2f5e32ed2,TA866
fc6284cbf42d9b8467aba091c644ecb2aaf211f95244632f3f718e0e42d0e9bd,TA866
c29732d898dcf116f40eea3845d4e25a240e5840378985c7f192e0443a51a228,CoralRaider
2c4ed97859060ea6ac5a8c2f605debf98257a96f0f3d2ddfaeb066f59a86d4af,CoralRaider
075091793768885977c29a41a0ac591340ebafab26d2a65ce1dccb53997485a1,CoralRaider
b2fd04602223117194181c97ca8692a09f6f5cfdbc07c87560aaab821cd29536,CoralRaider
77acb85a28e79dc6479798c024282ddd54977dbff6ce40eb439b2a06ce9cb542,CoralRaider
c84ff4fb6549c36ca0028e84ea8292ee3ae438254cddd63ef3d9ea769e0a1dfd,CoralRaider
e9e9d5ab6307a9ce98b1b3450def66df7a00d9dc5af613434af8d9b9cb3f2a0f,CoralRaider
0790bb235f27fa3843f086dbdaac314c2c1b857e3b2b94c2777578765a7894a0,CoralRaider
28f827afd3bafa1e39526f84f8e1271c15d073c9d049a9bc8d03048c455dd33f,CoralRaider
d60bb69da27799d822608902c59373611c18920c77887de7489d289ebf2bd53e,CoralRaider
de8a5d881cfc913a24c846bec8c13f3ad98e60fde881352845d928015bc6a5a4,CoralRaider
020d3d03ede3a80f1287ab58053f30ae7bfaf916ab0b1fc927f07b4b9d1f5c34,CoralRaider
1db18d89a636f9d9307e51798c0545664fae38711a2a72139d62c7dbd6f17fe3,CoralRaider
93c747fff1ec919d981aa4ad2e42cda3d76c9d0634707a62066dbadda1653d1c,CoralRaider
4dc9fe269cd668894c7ea4dd797cba1d2a8df565e9bdd814e969247c94b39643,CoralRaider
9bf684b010e4ec314d697acfac78c71ec24ba5f6e2c09b3be623ec62056aed02,CoralRaider
42654394f29f2e8db878fc4fd1c59e41afcd0add3b93f7d2f47ea3295b2bc643,CoralRaider
8d200892e4f1e68373e58e7cd7119fe26769fcf609636adc727df09f2377d1c2,CoralRaider
a3299ecee7b3f06ca106f4c5b62bf1e0f28f227df71488583d2077c7e3ee01c2,CoralRaider
19055fb87b9a98a75544a533ec4f14f36a09a130219b8a33a13cb6073751ff39,CoralRaider
3298d203c2acb68c474e5fdad8379181890b4403d6491c523c13730129be3f75,Akira_v2 
0ee1d284ed663073872012c7bde7fac5ca1121403f1a5d2d5411317df282796c,Akira_v2 
c766b943b3b9fc294db91ef84cea1ab5025defd2a0b06c4175281641b0852292,Akira_v2 
ffd9f58e5fe8502249c67cad0123ceeeaa6e9f69b4ec9f9e21511809849eb8fc,Megazord 
dfe6fddc67bdc93b9947430b966da2877fda094edf3e21e6f0ba98a84bc53198,Megazord 
131da83b521f610819141d5c740313ce46578374abb22ef504a7593955a65f07,Megazord 
9f393516edf6b8e011df6ee991758480c5b99a0efbfd68347786061f0e04426c,Megazord 
9585af44c3ff8fd921c713680b0c2b3bbc9d56add848ed62164f7c9b9f23d065,Megazord 
2f629395fdfa11e713ea8bf11d40f6f240acf2f5fcf9a2ac50b6f7fbc7521c83,Megazord 
7f731cc11f8e4d249142e99a44b9da7a48505ce32c4ee4881041beeddb3760be,Megazord 
95477703e789e6182096a09bc98853e0a70b680a4f19fa2bf86cbb9280e8ec5a,Megazord 
0c0e0f9b09b80d87ebc88e2870907b6cacb4cd7703584baf8f2be1fd9438696d,Megazord 
C9c94ac5e1991a7db42c7973e328fceeb6f163d9f644031bdfd4123c7b3898b0,Megazord 
f7d9c4c7da6082f1498d41958b54d7aeffd0c674aab26db93309e88ca17c826c,Starry-Addax 
ec2f2944f29b19ffd7a1bb80ec3a98889ddf1c097130db6f30ad28c8bf9501b3,Starry-Addax 
10e720fbcf797a2f40fbaa214b3402df14b7637404e5e91d7651bd13d28a69d8,OfflRouter .NET module ctrlpanel.exe 
2260989b5b723b0ccd1293e1ffcc7c0173c171963dfc03e9f6cd2649da8d0d2c,OfflRouter infected document 
2b0927de637d11d957610dd9a60d11d46eaa3f15770fb474067fb86d93a41912,OfflRouter infected document 
802342de0448d5c3b3aa6256e1650240ea53c77f8f762968c1abd8c967f9efd0,OfflRouter infected document 
016d90f337bd55dfcfbba8465a50e2261f0369cd448b4f020215f952a2a06bce,OfflRouter infected document 
b68e121586ef846dc2be14897087566ac72f6e6339f193609a5fc6f766e5c4aa,testing hash
